Altium Designer Pick and Place Locations,,,,,
Pick Place for PCB4(Default On).csv,,,,,
,,,,,
========================================================================================================================,,,,,
File Design Information:,,,,,
,,,,,
Date:       08/07/22,,,,,
Time:       17:01,,,,,
Revision:   1b16c26370b835977af987e10755f3e703b72873,,,,,
Variant:    Default On,,,,,
Units used: mm,,,,,
,,,,,
Designator,Layer,Footprint,Center-X(mm),Center-Y(mm),Rotation
C3,TopLayer,CAPAE9083X80M,157.5860mm,57.9000mm,270
C5,TopLayer,CAPAE9083X80M,101.6840mm,65.3123mm,270
C7,TopLayer,CAPAE9083X80M,80.9866mm,65.3123mm,270
C8,TopLayer,CAPAE9083X80M,116.0000mm,102.0000mm,270
C9,TopLayer,CAPAE9083X80M,126.0000mm,102.0000mm,270
C10,TopLayer,CAPAE9083X80M,106.0000mm,102.0000mm,270
C11,TopLayer,CAPAE9083X80M,136.0000mm,102.0000mm,270
C12,TopLayer,CAPAE9083X80M,202.9342mm,84.4200mm,90
C13,TopLayer,CAPAE9083X80M,213.0800mm,84.4200mm,90
C15,TopLayer,CAPAE9083X80M,80.0039mm,110.5000mm,270
C18,TopLayer,CAPAE9083X80M,29.4439mm,107.0710mm,270
C22,TopLayer,CAPAE9083X80M,110.0000mm,134.8483mm,180
C25,TopLayer,CAPAE9083X80M,131.6139mm,134.8483mm,0
C31,TopLayer,CAPAE9083X80M,231.9937mm,84.4200mm,270
DHT1,TopLayer,DHT22_HORIZONTAL,225.0588mm,142.2400mm,270
H_ASW1,TopLayer,HDR2X28,74.2900mm,11.2700mm,0
H_ACOMS,TopLayer,HDR2X8,153.6900mm,100.1200mm,0
H_AIO,TopLayer,HDR2X8,233.7700mm,105.1100mm,270
H_ASW2P,TopLayer,HDR2X8,233.7700mm,63.1100mm,270
H_PSW,TopLayer,HDR2X8,7.6200mm,45.6100mm,270
H_TCA,TopLayer,HDR2X8,75.3900mm,100.1200mm,0
H_PIO,TopLayer,HDR2X9,7.6200mm,88.8400mm,270
P1,TopLayer,PHOENIX_2PIN,175.2639mm,166.1681mm,180
C30,TopLayer,RES-1206_M,224.8300mm,84.4200mm,270
ISA1.R13,TopLayer,RES-1206_M,106.4392mm,84.1603mm,270
ISA1.R14,TopLayer,RES-1206_M,110.2203mm,80.0500mm,90
ISA1.R15,TopLayer,RES-1206_M,106.9393mm,88.5973mm,180
ISA2.R13,TopLayer,RES-1206_M,123.0966mm,84.1603mm,270
ISA2.R14,TopLayer,RES-1206_M,126.8776mm,80.0500mm,90
ISA2.R15,TopLayer,RES-1206_M,123.5966mm,88.5973mm,180
ISA3.R13,TopLayer,RES-1206_M,139.4642mm,84.1603mm,270
ISA3.R14,TopLayer,RES-1206_M,143.2452mm,80.0500mm,90
ISA3.R15,TopLayer,RES-1206_M,139.9642mm,88.5973mm,180
ISA4.R13,TopLayer,RES-1206_M,155.9942mm,84.1603mm,270
ISA4.R14,TopLayer,RES-1206_M,159.7752mm,80.0500mm,90
ISA4.R15,TopLayer,RES-1206_M,156.4942mm,88.5973mm,180
R2,TopLayer,RES-1206_M,201.9735mm,153.4300mm,180
R3,TopLayer,RES-1206_M,208.0000mm,153.4300mm,180
R4,TopLayer,RES-1206_M,143.5880mm,137.6460mm,90
R5,TopLayer,RES-1206_M,193.0940mm,149.4896mm,0
R6,TopLayer,RES-1206_M,193.0940mm,152.0096mm,180
R7,TopLayer,RES-1206_M,197.2375mm,150.6096mm,270
R10,TopLayer,RES-1206_M,153.9665mm,132.9100mm,90
R16,TopLayer,RES-1206_M,148.2800mm,138.8970mm,180
R16D,TopLayer,RES-1206_M,160.2739mm,145.0100mm,180
SA1.R11,TopLayer,RES-1206_M,28.4866mm,53.7987mm,270
SA1.R12,TopLayer,RES-1206_M,21.8834mm,53.7987mm,270
SA1.R17,TopLayer,RES-1206_M,21.8834mm,45.2987mm,0
SA1.R18,TopLayer,RES-1206_M,28.4866mm,45.2987mm,0
SA2.R11,TopLayer,RES-1206_M,41.8286mm,53.7983mm,270
SA2.R12,TopLayer,RES-1206_M,35.2254mm,53.7983mm,270
SA2.R17,TopLayer,RES-1206_M,35.2254mm,45.2983mm,0
SA2.R18,TopLayer,RES-1206_M,41.8286mm,45.2983mm,0
SA3.R11,TopLayer,RES-1206_M,55.1706mm,53.7983mm,270
SA3.R12,TopLayer,RES-1206_M,48.5674mm,53.7983mm,270
SA3.R17,TopLayer,RES-1206_M,48.5674mm,45.2983mm,0
SA3.R18,TopLayer,RES-1206_M,55.1706mm,45.2983mm,0
SA4.R11,TopLayer,RES-1206_M,72.3586mm,53.7983mm,270
SA4.R12,TopLayer,RES-1206_M,65.7554mm,53.7983mm,270
SA4.R17,TopLayer,RES-1206_M,65.7554mm,45.2983mm,0
SA4.R18,TopLayer,RES-1206_M,72.3586mm,45.2983mm,0
SA5.R11,TopLayer,RES-1206_M,85.6986mm,53.7983mm,270
SA5.R12,TopLayer,RES-1206_M,79.0954mm,53.7983mm,270
SA5.R17,TopLayer,RES-1206_M,79.0954mm,45.2983mm,0
SA5.R18,TopLayer,RES-1206_M,85.6986mm,45.2983mm,0
SA6.R11,TopLayer,RES-1206_M,99.0406mm,53.7983mm,270
SA6.R12,TopLayer,RES-1206_M,92.4374mm,53.7983mm,270
SA6.R17,TopLayer,RES-1206_M,92.4374mm,45.2983mm,0
SA6.R18,TopLayer,RES-1206_M,99.0406mm,45.2983mm,0
SA7.R11,TopLayer,RES-1206_M,112.5300mm,53.6932mm,270
SA7.R12,TopLayer,RES-1206_M,105.9268mm,53.6932mm,270
SA7.R17,TopLayer,RES-1206_M,105.9268mm,45.1932mm,0
SA7.R18,TopLayer,RES-1206_M,112.5300mm,45.1932mm,0
SA8.R11,TopLayer,RES-1206_M,130.0961mm,48.1383mm,180
SA8.R12,TopLayer,RES-1206_M,123.4930mm,48.1383mm,180
SA8.R17,TopLayer,RES-1206_M,123.4930mm,40.9383mm,0
SA8.R18,TopLayer,RES-1206_M,130.0961mm,40.9383mm,0
SA9.R11,TopLayer,RES-1206_M,143.5921mm,48.1383mm,180
SA9.R12,TopLayer,RES-1206_M,136.9890mm,48.1383mm,180
SA9.R17,TopLayer,RES-1206_M,136.9890mm,40.9383mm,0
SA9.R18,TopLayer,RES-1206_M,143.5921mm,40.9383mm,0
SA10.R11,TopLayer,RES-1206_M,157.0901mm,48.1383mm,180
SA10.R12,TopLayer,RES-1206_M,150.4870mm,48.1383mm,180
SA10.R17,TopLayer,RES-1206_M,150.4870mm,40.9383mm,0
SA10.R18,TopLayer,RES-1206_M,157.0901mm,40.9383mm,0
SA11.R11,TopLayer,RES-1206_M,170.5901mm,48.1370mm,180
SA11.R12,TopLayer,RES-1206_M,163.9870mm,48.1370mm,180
SA11.R17,TopLayer,RES-1206_M,163.9870mm,40.9370mm,0
SA11.R18,TopLayer,RES-1206_M,170.5901mm,40.9370mm,0
SA12.R11,TopLayer,RES-1206_M,188.3169mm,43.1883mm,180
SA12.R12,TopLayer,RES-1206_M,181.7137mm,43.1883mm,180
SA12.R17,TopLayer,RES-1206_M,181.7137mm,35.9883mm,0
SA12.R18,TopLayer,RES-1206_M,188.3169mm,35.9883mm,0
SA13.R11,TopLayer,RES-1206_M,201.8150mm,43.1883mm,180
SA13.R12,TopLayer,RES-1206_M,195.2119mm,43.1883mm,180
SA13.R17,TopLayer,RES-1206_M,195.2119mm,35.9883mm,0
SA13.R18,TopLayer,RES-1206_M,201.8150mm,35.9883mm,0
SA14.R11,TopLayer,RES-1206_M,215.3133mm,43.1865mm,180
SA14.R12,TopLayer,RES-1206_M,208.7102mm,43.1865mm,180
SA14.R17,TopLayer,RES-1206_M,208.7102mm,35.9865mm,0
SA14.R18,TopLayer,RES-1206_M,215.3133mm,35.9865mm,0
SAO1.R8,TopLayer,RES-1206_M,203.8342mm,74.8000mm,180
SAO1.R9,TopLayer,RES-1206_M,213.0000mm,75.8000mm,180
SAO2.R8,TopLayer,RES-1206_M,203.8442mm,63.9879mm,180
SAO2.R9,TopLayer,RES-1206_M,214.0240mm,64.8879mm,180
SP1.R11,TopLayer,RES-1206_M,34.1717mm,89.4115mm,90
SP1.R12,TopLayer,RES-1206_M,34.1717mm,96.1462mm,90
SP1.R17,TopLayer,RES-1206_M,26.6960mm,96.1462mm,270
SP1.R18,TopLayer,RES-1206_M,26.6960mm,89.4115mm,270
SP2.R11,TopLayer,RES-1206_M,34.1721mm,73.8220mm,90
SP2.R12,TopLayer,RES-1206_M,34.1721mm,80.5567mm,90
SP2.R17,TopLayer,RES-1206_M,26.6965mm,80.5567mm,270
SP2.R18,TopLayer,RES-1206_M,26.6965mm,73.8220mm,270
SP3.R11,TopLayer,RES-1206_M,59.4471mm,89.4030mm,90
SP3.R12,TopLayer,RES-1206_M,59.4471mm,96.1377mm,90
SP3.R17,TopLayer,RES-1206_M,51.9714mm,96.1377mm,270
SP3.R18,TopLayer,RES-1206_M,51.9714mm,89.4030mm,270
SP4.R11,TopLayer,RES-1206_M,59.4489mm,73.8120mm,90
SP4.R12,TopLayer,RES-1206_M,59.4489mm,80.5467mm,90
SP4.R17,TopLayer,RES-1206_M,51.9732mm,80.5467mm,270
SP4.R18,TopLayer,RES-1206_M,51.9732mm,73.8120mm,270
Rpi_GPIO1,TopLayer,RPI_Z_GPIO_HDR2X20,57.0000mm,146.8650mm,270
ISA1.Q2,TopLayer,SOIC-8_SOIC127P600X175-8N,116.1341mm,83.3473mm,270
ISA2.Q2,TopLayer,SOIC-8_SOIC127P600X175-8N,132.7914mm,83.3473mm,270
ISA3.Q2,TopLayer,SOIC-8_SOIC127P600X175-8N,149.1590mm,83.3473mm,270
ISA4.Q2,TopLayer,SOIC-8_SOIC127P600X175-8N,165.6890mm,83.3473mm,270
Q5,TopLayer,SOIC-8_SOIC127P600X175-8N,153.2665mm,152.7660mm,90
Q7,TopLayer,SOIC-8_SOIC127P600X175-8N,148.2697mm,132.3100mm,270
SA1.Q12,TopLayer,SOIC-8_SOIC127P600X175-8N,22.5384mm,39.2987mm,270
SA1.Q13,TopLayer,SOIC-8_SOIC127P600X175-8N,29.1416mm,39.2987mm,270
SA2.Q12,TopLayer,SOIC-8_SOIC127P600X175-8N,35.8804mm,39.2983mm,270
SA2.Q13,TopLayer,SOIC-8_SOIC127P600X175-8N,42.4836mm,39.2983mm,270
SA3.Q12,TopLayer,SOIC-8_SOIC127P600X175-8N,49.2224mm,39.2983mm,270
SA3.Q13,TopLayer,SOIC-8_SOIC127P600X175-8N,55.8256mm,39.2983mm,270
SA4.Q12,TopLayer,SOIC-8_SOIC127P600X175-8N,66.4104mm,39.2983mm,270
SA4.Q13,TopLayer,SOIC-8_SOIC127P600X175-8N,73.0136mm,39.2983mm,270
SA5.Q12,TopLayer,SOIC-8_SOIC127P600X175-8N,79.7504mm,39.2983mm,270
SA5.Q13,TopLayer,SOIC-8_SOIC127P600X175-8N,86.3536mm,39.2983mm,270
SA6.Q12,TopLayer,SOIC-8_SOIC127P600X175-8N,93.0924mm,39.2983mm,270
SA6.Q13,TopLayer,SOIC-8_SOIC127P600X175-8N,99.6956mm,39.2983mm,270
SA7.Q12,TopLayer,SOIC-8_SOIC127P600X175-8N,106.5818mm,39.1932mm,270
SA7.Q13,TopLayer,SOIC-8_SOIC127P600X175-8N,113.1850mm,39.1932mm,270
SA8.Q12,TopLayer,SOIC-8_SOIC127P600X175-8N,124.1480mm,34.8671mm,270
SA8.Q13,TopLayer,SOIC-8_SOIC127P600X175-8N,130.7511mm,34.8671mm,270
SA9.Q12,TopLayer,SOIC-8_SOIC127P600X175-8N,137.6440mm,34.8671mm,270
SA9.Q13,TopLayer,SOIC-8_SOIC127P600X175-8N,144.2471mm,34.8671mm,270
SA10.Q12,TopLayer,SOIC-8_SOIC127P600X175-8N,151.1420mm,34.8671mm,270
SA10.Q13,TopLayer,SOIC-8_SOIC127P600X175-8N,157.7451mm,34.8671mm,270
SA11.Q12,TopLayer,SOIC-8_SOIC127P600X175-8N,164.6420mm,34.8658mm,270
SA11.Q13,TopLayer,SOIC-8_SOIC127P600X175-8N,171.2451mm,34.8658mm,270
SA12.Q12,TopLayer,SOIC-8_SOIC127P600X175-8N,182.3687mm,29.9171mm,270
SA12.Q13,TopLayer,SOIC-8_SOIC127P600X175-8N,188.9719mm,29.9171mm,270
SA13.Q12,TopLayer,SOIC-8_SOIC127P600X175-8N,195.8669mm,29.9171mm,270
SA13.Q13,TopLayer,SOIC-8_SOIC127P600X175-8N,202.4700mm,29.9171mm,270
SA14.Q12,TopLayer,SOIC-8_SOIC127P600X175-8N,209.3652mm,29.9153mm,270
SA14.Q13,TopLayer,SOIC-8_SOIC127P600X175-8N,215.9683mm,29.9153mm,270
SAO1.Q3,TopLayer,SOIC-8_SOIC127P600X175-8N,212.0000mm,71.3880mm,0
SAO2.Q3,TopLayer,SOIC-8_SOIC127P600X175-8N,212.0240mm,60.3810mm,0
SP1.Q12,TopLayer,SOIC-8_SOIC127P600X175-8N,20.5046mm,95.5312mm,180
SP1.Q13,TopLayer,SOIC-8_SOIC127P600X175-8N,20.5046mm,88.7965mm,180
SP2.Q12,TopLayer,SOIC-8_SOIC127P600X175-8N,20.5051mm,79.9417mm,180
SP2.Q13,TopLayer,SOIC-8_SOIC127P600X175-8N,20.5051mm,73.2070mm,180
SP3.Q12,TopLayer,SOIC-8_SOIC127P600X175-8N,45.7800mm,95.5227mm,180
SP3.Q13,TopLayer,SOIC-8_SOIC127P600X175-8N,45.7800mm,88.7880mm,180
SP4.Q12,TopLayer,SOIC-8_SOIC127P600X175-8N,45.7818mm,79.9317mm,180
SP4.Q13,TopLayer,SOIC-8_SOIC127P600X175-8N,45.7818mm,73.1970mm,180
ISA1.Q6,TopLayer,SOT23_N,106.8091mm,79.4000mm,0
ISA1.Q8,TopLayer,SOT23_N,110.4850mm,86.0473mm,90
ISA2.Q6,TopLayer,SOT23_N,123.4664mm,79.4000mm,0
ISA2.Q8,TopLayer,SOT23_N,127.1424mm,86.0473mm,90
ISA3.Q6,TopLayer,SOT23_N,139.8340mm,79.4000mm,0
ISA3.Q8,TopLayer,SOT23_N,143.5100mm,86.0473mm,90
ISA4.Q6,TopLayer,SOT23_N,156.3640mm,79.4000mm,0
ISA4.Q8,TopLayer,SOT23_N,160.0400mm,86.0473mm,90
Q4,TopLayer,SOT23_N,153.9665mm,138.2350mm,90
SA1.Q10,TopLayer,SOT23_N,28.4866mm,48.8680mm,270
SA1.Q11,TopLayer,SOT23_N,21.8834mm,48.8680mm,270
SA2.Q10,TopLayer,SOT23_N,41.8286mm,48.8677mm,270
SA2.Q11,TopLayer,SOT23_N,35.2254mm,48.8677mm,270
SA3.Q10,TopLayer,SOT23_N,55.1706mm,48.8677mm,270
SA3.Q11,TopLayer,SOT23_N,48.5674mm,48.8677mm,270
SA4.Q10,TopLayer,SOT23_N,72.3586mm,48.8677mm,270
SA4.Q11,TopLayer,SOT23_N,65.7554mm,48.8677mm,270
SA5.Q10,TopLayer,SOT23_N,85.6986mm,48.8677mm,270
SA5.Q11,TopLayer,SOT23_N,79.0954mm,48.8677mm,270
SA6.Q10,TopLayer,SOT23_N,99.0406mm,48.8677mm,270
SA6.Q11,TopLayer,SOT23_N,92.4374mm,48.8677mm,270
SA7.Q10,TopLayer,SOT23_N,112.5300mm,48.7625mm,270
SA7.Q11,TopLayer,SOT23_N,105.9268mm,48.7625mm,270
SA8.Q10,TopLayer,SOT23_N,129.3648mm,44.4365mm,270
SA8.Q11,TopLayer,SOT23_N,122.8148mm,44.4365mm,270
SA9.Q10,TopLayer,SOT23_N,142.8608mm,44.4365mm,270
SA9.Q11,TopLayer,SOT23_N,136.3108mm,44.4365mm,270
SA10.Q10,TopLayer,SOT23_N,156.3588mm,44.4365mm,270
SA10.Q11,TopLayer,SOT23_N,149.8088mm,44.4365mm,270
SA11.Q10,TopLayer,SOT23_N,169.8588mm,44.4351mm,270
SA11.Q11,TopLayer,SOT23_N,163.3088mm,44.4351mm,270
SA12.Q10,TopLayer,SOT23_N,187.5855mm,39.4865mm,270
SA12.Q11,TopLayer,SOT23_N,181.0355mm,39.4865mm,270
SA13.Q10,TopLayer,SOT23_N,201.0837mm,39.4865mm,270
SA13.Q11,TopLayer,SOT23_N,194.5337mm,39.4865mm,270
SA14.Q10,TopLayer,SOT23_N,214.5820mm,39.4847mm,270
SA14.Q11,TopLayer,SOT23_N,208.0320mm,39.4847mm,270
SAO1.Q1,TopLayer,SOT23_N,204.0842mm,71.4823mm,0
SAO2.Q1,TopLayer,SOT23_N,204.0942mm,60.4753mm,0
SP1.Q10,TopLayer,SOT23_N,30.4579mm,89.4115mm,180
SP1.Q11,TopLayer,SOT23_N,30.4579mm,96.3712mm,180
SP2.Q10,TopLayer,SOT23_N,30.4583mm,73.8220mm,180
SP2.Q11,TopLayer,SOT23_N,30.4583mm,80.7817mm,180
SP3.Q10,TopLayer,SOT23_N,55.7333mm,89.4030mm,180
SP3.Q11,TopLayer,SOT23_N,55.7333mm,96.3627mm,180
SP4.Q10,TopLayer,SOT23_N,55.7351mm,73.8120mm,180
SP4.Q11,TopLayer,SOT23_N,55.7351mm,80.7717mm,180
VR1,TopLayer,SOT-25,225.1700mm,91.4400mm,0
U2,TopLayer,TCA9548,81.0000mm,83.6300mm,270
TRACO_1,TopLayer,TRACO_12VTO5.1_151121,121.4539mm,154.4500mm,0
