File Design Information:,,,,,,,,,
,,,,,,,,,
Date:       05/11/21,,,,,,,,,
Time:       12:19,,,,,,,,,
Revision:   81993d6b0ad42e251948b0ead91504dfb26380f8,,,,,,,,,
Variant:    No variations,,,,,,,,,
Units used: mil,,,,,,,,,
,,,,,,,,,
Designator,Layer,Footprint,Center-X(mil),Center-Y(mil),Rotation,Ref-X(mil),Ref-Y(mil),Pad-X(mil),Pad-Y(mil)
C3,TopLayer,CAPAE9083X80M,6204.173mil,2279.528mil,270,6204.173mil,2279.528mil,6204.173mil,2411.417mil
C5,TopLayer,CAPAE9083X80M,4003.307mil,2571.350mil,270,4003.307mil,2571.350mil,4003.307mil,2703.240mil
C7,TopLayer,CAPAE9083X80M,3188.448mil,2571.350mil,270,3188.448mil,2571.350mil,3188.448mil,2703.240mil
C8,TopLayer,CAPAE9083X80M,4566.929mil,4015.748mil,270,4566.929mil,4015.748mil,4566.929mil,4147.638mil
C9,TopLayer,CAPAE9083X80M,4960.630mil,4015.748mil,270,4960.630mil,4015.748mil,4960.630mil,4147.638mil
C10,TopLayer,CAPAE9083X80M,4173.228mil,4015.748mil,270,4173.228mil,4015.748mil,4173.228mil,4147.638mil
C11,TopLayer,CAPAE9083X80M,5354.331mil,4015.748mil,270,5354.331mil,4015.748mil,5354.331mil,4147.638mil
C12,TopLayer,CAPAE9083X80M,7989.534mil,3323.622mil,90,7989.534mil,3323.622mil,7989.534mil,3191.732mil
C13,TopLayer,CAPAE9083X80M,8388.977mil,3323.622mil,90,8388.977mil,3323.622mil,8388.977mil,3191.732mil
C15,TopLayer,CAPAE9083X80M,3149.758mil,4350.394mil,270,3149.758mil,4350.394mil,3149.758mil,4482.283mil
C18,TopLayer,CAPAE9083X80M,1159.210mil,4215.395mil,270,1159.210mil,4215.395mil,1159.210mil,4347.284mil
C22,TopLayer,CAPAE9083X80M,4330.709mil,5308.990mil,180,4330.709mil,5308.990mil,4462.599mil,5308.990mil
C25,TopLayer,CAPAE9083X80M,5181.648mil,5308.990mil,360,5181.648mil,5308.990mil,5049.759mil,5308.990mil
C31,TopLayer,CAPAE9083X80M,9133.609mil,3323.621mil,270,9133.609mil,3323.621mil,9133.609mil,3455.511mil
C1,TopLayer,CAPR5-4X5,6372.199mil,5203.151mil,270,6372.199mil,5203.151mil,6372.199mil,5301.576mil
C2,TopLayer,CAPR5-4X5,5785.119mil,2307.480mil,270,5785.118mil,2307.480mil,5785.119mil,2405.905mil
C4,TopLayer,CAPR5-4X5,4408.307mil,2635.984mil,270,4408.307mil,2635.984mil,4408.307mil,2734.410mil
C6,TopLayer,CAPR5-4X5,2781.653mil,2635.985mil,270,2781.653mil,2635.985mil,2781.653mil,2734.410mil
C14,TopLayer,CAPR5-4X5,2756.057mil,4311.024mil,270,2756.057mil,4311.025mil,2756.058mil,4409.449mil
C17,TopLayer,CAPR5-4X5,1565.906mil,4156.457mil,270,1565.905mil,4156.457mil,1565.906mil,4254.882mil
C23,TopLayer,CAPR5-4X5,4316.500mil,4922.715mil,180,4316.500mil,4922.716mil,4414.925mil,4922.715mil
C24,TopLayer,CAPR5-4X5,5209.386mil,4856.317mil,270,5209.386mil,4856.318mil,5209.386mil,4954.742mil
C28,TopLayer,CAPR5-4X5,3670.472mil,4228.347mil,180,3670.472mil,4228.346mil,3768.898mil,4228.347mil
C29,TopLayer,CAPR5-4X5,8642.914mil,5066.142mil,360,8642.915mil,5066.141mil,8544.488mil,5066.142mil
DHT1,TopLayer,DHT22_HORIZONTAL,8860.584mil,5600.001mil,270,8395.033mil,5600.001mil,8395.033mil,5750.001mil
J7,TopLayer,HDR1X2,7552.498mil,6418.111mil,360,7502.498mil,6418.112mil,7502.498mil,6418.111mil
J11,TopLayer,HDR1X2,7952.498mil,6318.111mil,180,8002.498mil,6318.112mil,8002.498mil,6318.111mil
J12,TopLayer,HDR1X2,8152.498mil,6318.111mil,180,8202.498mil,6318.112mil,8202.498mil,6318.111mil
J1,TopLayer,HDR1X3,7802.498mil,6418.111mil,180,7902.498mil,6418.112mil,7902.498mil,6418.111mil
J2,TopLayer,HDR1X3,8102.498mil,6418.505mil,180,8202.498mil,6418.506mil,8202.498mil,6418.505mil
J3,TopLayer,HDR1X3,8402.500mil,6418.505mil,180,8502.499mil,6418.506mil,8502.500mil,6418.505mil
J4,TopLayer,HDR1X3,8702.498mil,6418.505mil,180,8802.497mil,6418.506mil,8802.498mil,6418.505mil
J5,TopLayer,HDR1X3,8702.498mil,6318.111mil,180,8802.499mil,6318.111mil,8802.498mil,6318.111mil
J6,TopLayer,HDR1X3,8402.498mil,6318.111mil,180,8502.499mil,6318.111mil,8502.498mil,6318.111mil
J8,TopLayer,HDR1X3,9002.498mil,6418.505mil,180,9102.498mil,6418.506mil,9102.498mil,6418.505mil
J9,TopLayer,HDR1X3,7702.498mil,6218.111mil,360,7602.498mil,6218.111mil,7602.498mil,6218.111mil
J10,TopLayer,HDR1X3,7702.498mil,6318.111mil,360,7602.498mil,6318.111mil,7602.498mil,6318.111mil
Jd1,TopLayer,HDR1X3,9002.498mil,6318.111mil,180,9102.498mil,6318.112mil,9102.498mil,6318.111mil
H_ASW1,TopLayer,HDR2X28,2924.803mil,443.700mil,360,1574.803mil,393.701mil,1574.803mil,393.700mil
H_ACOMS,TopLayer,HDR2X8,6050.787mil,3941.732mil,360,5700.787mil,3891.733mil,5700.787mil,3891.732mil
H_AIO,TopLayer,HDR2X8,9203.543mil,4138.189mil,270,9153.543mil,4488.189mil,9153.543mil,4488.189mil
H_ASW2P,TopLayer,HDR2X8,9203.544mil,2484.645mil,270,9153.543mil,2834.646mil,9153.544mil,2834.645mil
H_PSW,TopLayer,HDR2X8,300.001mil,1795.669mil,270,250.000mil,2145.669mil,250.001mil,2145.669mil
H_TCA,TopLayer,HDR2X8,2968.109mil,3941.733mil,360,2618.110mil,3891.733mil,2618.109mil,3891.733mil
H_PIO,TopLayer,HDR2X9,300.000mil,3497.637mil,270,250.001mil,3897.638mil,250.000mil,3897.637mil
U1,TopLayer,MEGA2560PRO-MINI-IO,7515.984mil,4759.055mil,270,6765.591mil,5801.181mil,7815.984mil,3909.055mil
P1,TopLayer,PHOENIX_2PIN,6900.152mil,6542.051mil,180,6900.152mil,6542.051mil,7000.152mil,6542.051mil
C30,TopLayer,RES-1206_M,8851.575mil,3323.622mil,270,8851.575mil,3323.622mil,8851.575mil,3372.835mil
ISA1.R13,TopLayer,RES-1206_M,4190.521mil,3313.399mil,270,4190.521mil,3313.399mil,4190.521mil,3362.611mil
ISA1.R14,TopLayer,RES-1206_M,4339.380mil,3151.575mil,90,4339.380mil,3151.575mil,4339.380mil,3102.362mil
ISA1.R15,TopLayer,RES-1206_M,4210.207mil,3488.084mil,180,4210.207mil,3488.084mil,4259.419mil,3488.084mil
ISA2.R13,TopLayer,RES-1206_M,4846.322mil,3313.399mil,270,4846.322mil,3313.399mil,4846.322mil,3362.611mil
ISA2.R14,TopLayer,RES-1206_M,4995.181mil,3151.575mil,90,4995.181mil,3151.575mil,4995.181mil,3102.362mil
ISA2.R15,TopLayer,RES-1206_M,4866.007mil,3488.084mil,180,4866.007mil,3488.084mil,4915.220mil,3488.084mil
ISA3.R13,TopLayer,RES-1206_M,5490.716mil,3313.399mil,270,5490.716mil,3313.399mil,5490.716mil,3362.611mil
ISA3.R14,TopLayer,RES-1206_M,5639.575mil,3151.575mil,90,5639.575mil,3151.575mil,5639.575mil,3102.362mil
ISA3.R15,TopLayer,RES-1206_M,5510.401mil,3488.084mil,180,5510.401mil,3488.084mil,5559.614mil,3488.084mil
ISA4.R13,TopLayer,RES-1206_M,6141.504mil,3313.399mil,270,6141.504mil,3313.399mil,6141.504mil,3362.611mil
ISA4.R14,TopLayer,RES-1206_M,6290.363mil,3151.575mil,90,6290.363mil,3151.575mil,6290.363mil,3102.362mil
ISA4.R15,TopLayer,RES-1206_M,6161.189mil,3488.084mil,180,6161.189mil,3488.084mil,6210.401mil,3488.084mil
R1,TopLayer,RES-1206_M,6377.953mil,5476.773mil,360,6377.953mil,5476.773mil,6328.740mil,5476.773mil
R2,TopLayer,RES-1206_M,7951.711mil,6040.552mil,180,7951.711mil,6040.552mil,8000.923mil,6040.552mil
R3,TopLayer,RES-1206_M,8188.976mil,6040.552mil,180,8188.976mil,6040.552mil,8238.189mil,6040.552mil
R4,TopLayer,RES-1206_M,5653.071mil,5419.134mil,90,5653.071mil,5419.134mil,5653.071mil,5369.921mil
R5,TopLayer,RES-1206_M,7602.126mil,5885.416mil,360,7602.126mil,5885.416mil,7552.913mil,5885.416mil
R6,TopLayer,RES-1206_M,7602.126mil,5984.628mil,180,7602.126mil,5984.628mil,7651.339mil,5984.628mil
R7,TopLayer,RES-1206_M,7765.254mil,5929.511mil,270,7765.254mil,5929.511mil,7765.254mil,5978.723mil
R10,TopLayer,RES-1206_M,6061.672mil,5232.677mil,90,6061.672mil,5232.677mil,6061.672mil,5183.465mil
R16,TopLayer,RES-1206_M,5837.797mil,5468.385mil,180,5837.797mil,5468.385mil,5887.009mil,5468.385mil
R16D,TopLayer,RES-1206_M,6309.994mil,5709.055mil,180,6309.994mil,5709.055mil,6359.207mil,5709.055mil
R16U,TopLayer,RES-1206_M,6027.712mil,5709.055mil,180,6027.712mil,5709.055mil,6076.924mil,5709.055mil
SA1.R11,TopLayer,RES-1206_M,1121.520mil,2118.057mil,270,1121.520mil,2118.057mil,1121.520mil,2167.270mil
SA1.R12,TopLayer,RES-1206_M,861.553mil,2118.057mil,270,861.553mil,2118.057mil,861.553mil,2167.270mil
SA1.R17,TopLayer,RES-1206_M,861.553mil,1783.411mil,360,861.553mil,1783.411mil,812.340mil,1783.411mil
SA1.R18,TopLayer,RES-1206_M,1121.520mil,1783.411mil,360,1121.520mil,1783.411mil,1072.307mil,1783.411mil
SA2.R11,TopLayer,RES-1206_M,1646.794mil,2118.044mil,270,1646.794mil,2118.044mil,1646.794mil,2167.256mil
SA2.R12,TopLayer,RES-1206_M,1386.827mil,2118.044mil,270,1386.827mil,2118.044mil,1386.827mil,2167.256mil
SA2.R17,TopLayer,RES-1206_M,1386.827mil,1783.398mil,360,1386.827mil,1783.398mil,1337.615mil,1783.398mil
SA2.R18,TopLayer,RES-1206_M,1646.794mil,1783.398mil,360,1646.794mil,1783.398mil,1597.582mil,1783.398mil
SA3.R11,TopLayer,RES-1206_M,2172.070mil,2118.044mil,270,2172.070mil,2118.044mil,2172.070mil,2167.256mil
SA3.R12,TopLayer,RES-1206_M,1912.103mil,2118.044mil,270,1912.103mil,2118.044mil,1912.103mil,2167.256mil
SA3.R17,TopLayer,RES-1206_M,1912.103mil,1783.398mil,360,1912.103mil,1783.398mil,1862.890mil,1783.398mil
SA3.R18,TopLayer,RES-1206_M,2172.070mil,1783.398mil,360,2172.070mil,1783.398mil,2122.857mil,1783.398mil
SA4.R11,TopLayer,RES-1206_M,2848.763mil,2118.044mil,270,2848.763mil,2118.044mil,2848.763mil,2167.256mil
SA4.R12,TopLayer,RES-1206_M,2588.796mil,2118.044mil,270,2588.796mil,2118.044mil,2588.796mil,2167.256mil
SA4.R17,TopLayer,RES-1206_M,2588.796mil,1783.398mil,360,2588.796mil,1783.398mil,2539.583mil,1783.398mil
SA4.R18,TopLayer,RES-1206_M,2848.763mil,1783.398mil,360,2848.763mil,1783.398mil,2799.550mil,1783.398mil
SA5.R11,TopLayer,RES-1206_M,3373.960mil,2118.044mil,270,3373.960mil,2118.044mil,3373.960mil,2167.256mil
SA5.R12,TopLayer,RES-1206_M,3113.993mil,2118.044mil,270,3113.993mil,2118.044mil,3113.993mil,2167.256mil
SA5.R17,TopLayer,RES-1206_M,3113.993mil,1783.398mil,360,3113.993mil,1783.398mil,3064.780mil,1783.398mil
SA5.R18,TopLayer,RES-1206_M,3373.960mil,1783.398mil,360,3373.960mil,1783.398mil,3324.747mil,1783.398mil
SA6.R11,TopLayer,RES-1206_M,3899.235mil,2118.044mil,270,3899.235mil,2118.044mil,3899.235mil,2167.256mil
SA6.R12,TopLayer,RES-1206_M,3639.268mil,2118.044mil,270,3639.268mil,2118.044mil,3639.268mil,2167.256mil
SA6.R17,TopLayer,RES-1206_M,3639.268mil,1783.398mil,360,3639.268mil,1783.398mil,3590.056mil,1783.398mil
SA6.R18,TopLayer,RES-1206_M,3899.235mil,1783.398mil,360,3899.235mil,1783.398mil,3850.023mil,1783.398mil
SA7.R11,TopLayer,RES-1206_M,4430.315mil,2113.904mil,270,4430.315mil,2113.904mil,4430.315mil,2163.117mil
SA7.R12,TopLayer,RES-1206_M,4170.348mil,2113.904mil,270,4170.348mil,2113.904mil,4170.348mil,2163.117mil
SA7.R17,TopLayer,RES-1206_M,4170.348mil,1779.258mil,360,4170.348mil,1779.258mil,4121.136mil,1779.258mil
SA7.R18,TopLayer,RES-1206_M,4430.315mil,1779.258mil,360,4430.315mil,1779.258mil,4381.102mil,1779.258mil
SA8.R11,TopLayer,RES-1206_M,5121.895mil,1895.210mil,180,5121.895mil,1895.210mil,5171.107mil,1895.210mil
SA8.R12,TopLayer,RES-1206_M,4861.928mil,1895.210mil,180,4861.928mil,1895.210mil,4911.141mil,1895.210mil
SA8.R17,TopLayer,RES-1206_M,4861.928mil,1611.746mil,360,4861.928mil,1611.746mil,4812.715mil,1611.746mil
SA8.R18,TopLayer,RES-1206_M,5121.895mil,1611.746mil,360,5121.895mil,1611.746mil,5072.682mil,1611.746mil
SA9.R11,TopLayer,RES-1206_M,5653.233mil,1895.210mil,180,5653.233mil,1895.210mil,5702.446mil,1895.210mil
SA9.R12,TopLayer,RES-1206_M,5393.267mil,1895.210mil,180,5393.267mil,1895.210mil,5442.479mil,1895.210mil
SA9.R17,TopLayer,RES-1206_M,5393.267mil,1611.746mil,360,5393.267mil,1611.746mil,5344.054mil,1611.746mil
SA9.R18,TopLayer,RES-1206_M,5653.233mil,1611.746mil,360,5653.233mil,1611.746mil,5604.021mil,1611.746mil
SA10.R11,TopLayer,RES-1206_M,6184.651mil,1895.210mil,180,6184.651mil,1895.210mil,6233.863mil,1895.210mil
SA10.R12,TopLayer,RES-1206_M,5924.684mil,1895.210mil,180,5924.684mil,1895.210mil,5973.896mil,1895.210mil
SA10.R17,TopLayer,RES-1206_M,5924.684mil,1611.746mil,360,5924.684mil,1611.746mil,5875.471mil,1611.746mil
SA10.R18,TopLayer,RES-1206_M,6184.651mil,1611.746mil,360,6184.651mil,1611.746mil,6135.438mil,1611.746mil
SA11.R11,TopLayer,RES-1206_M,6716.147mil,1895.157mil,180,6716.147mil,1895.157mil,6765.359mil,1895.157mil
SA11.R12,TopLayer,RES-1206_M,6456.180mil,1895.157mil,180,6456.180mil,1895.157mil,6505.392mil,1895.157mil
SA11.R17,TopLayer,RES-1206_M,6456.180mil,1611.693mil,360,6456.180mil,1611.693mil,6406.967mil,1611.693mil
SA11.R18,TopLayer,RES-1206_M,6716.147mil,1611.693mil,360,6716.147mil,1611.693mil,6666.934mil,1611.693mil
SA12.R11,TopLayer,RES-1206_M,7414.049mil,1700.328mil,180,7414.049mil,1700.328mil,7463.262mil,1700.328mil
SA12.R12,TopLayer,RES-1206_M,7154.082mil,1700.328mil,180,7154.082mil,1700.328mil,7203.295mil,1700.328mil
SA12.R17,TopLayer,RES-1206_M,7154.082mil,1416.863mil,360,7154.082mil,1416.863mil,7104.870mil,1416.863mil
SA12.R18,TopLayer,RES-1206_M,7414.049mil,1416.863mil,360,7414.049mil,1416.863mil,7364.837mil,1416.863mil
SA13.R11,TopLayer,RES-1206_M,7945.473mil,1700.328mil,180,7945.473mil,1700.328mil,7994.685mil,1700.328mil
SA13.R12,TopLayer,RES-1206_M,7685.506mil,1700.328mil,180,7685.506mil,1700.328mil,7734.719mil,1700.328mil
SA13.R17,TopLayer,RES-1206_M,7685.506mil,1416.863mil,360,7685.506mil,1416.863mil,7636.293mil,1416.863mil
SA13.R18,TopLayer,RES-1206_M,7945.473mil,1416.863mil,360,7945.473mil,1416.863mil,7896.260mil,1416.863mil
SA14.R11,TopLayer,RES-1206_M,8476.903mil,1700.256mil,180,8476.903mil,1700.256mil,8526.116mil,1700.256mil
SA14.R12,TopLayer,RES-1206_M,8216.936mil,1700.256mil,180,8216.936mil,1700.256mil,8266.149mil,1700.256mil
SA14.R17,TopLayer,RES-1206_M,8216.936mil,1416.792mil,360,8216.936mil,1416.792mil,8167.724mil,1416.792mil
SA14.R18,TopLayer,RES-1206_M,8476.903mil,1416.792mil,360,8476.903mil,1416.792mil,8427.691mil,1416.792mil
SAO1.R8,TopLayer,RES-1206_M,8024.968mil,2944.882mil,180,8024.968mil,2944.882mil,8074.180mil,2944.882mil
SAO1.R9,TopLayer,RES-1206_M,8385.827mil,2984.252mil,180,8385.827mil,2984.252mil,8435.039mil,2984.252mil
SAO2.R8,TopLayer,RES-1206_M,8025.362mil,2519.209mil,180,8025.362mil,2519.209mil,8074.574mil,2519.209mil
SAO2.R9,TopLayer,RES-1206_M,8426.142mil,2554.642mil,180,8426.142mil,2554.642mil,8475.354mil,2554.642mil
SP1.R11,TopLayer,RES-1206_M,1345.342mil,3520.138mil,90,1345.342mil,3520.138mil,1345.342mil,3470.925mil
SP1.R12,TopLayer,RES-1206_M,1345.342mil,3785.283mil,90,1345.342mil,3785.283mil,1345.342mil,3736.071mil
SP1.R17,TopLayer,RES-1206_M,1051.024mil,3785.283mil,270,1051.024mil,3785.283mil,1051.024mil,3834.496mil
SP1.R18,TopLayer,RES-1206_M,1051.024mil,3520.138mil,270,1051.024mil,3520.138mil,1051.024mil,3569.351mil
SP2.R11,TopLayer,RES-1206_M,1345.360mil,2906.378mil,90,1345.360mil,2906.378mil,1345.360mil,2857.165mil
SP2.R12,TopLayer,RES-1206_M,1345.360mil,3171.523mil,90,1345.360mil,3171.523mil,1345.360mil,3122.310mil
SP2.R17,TopLayer,RES-1206_M,1051.041mil,3171.523mil,270,1051.041mil,3171.523mil,1051.041mil,3220.735mil
SP2.R18,TopLayer,RES-1206_M,1051.041mil,2906.378mil,270,1051.041mil,2906.378mil,1051.041mil,2955.590mil
SP3.R11,TopLayer,RES-1206_M,2340.436mil,3519.803mil,90,2340.436mil,3519.803mil,2340.436mil,3470.590mil
SP3.R12,TopLayer,RES-1206_M,2340.436mil,3784.948mil,90,2340.436mil,3784.948mil,2340.436mil,3735.735mil
SP3.R17,TopLayer,RES-1206_M,2046.117mil,3784.948mil,270,2046.117mil,3784.948mil,2046.117mil,3834.161mil
SP3.R18,TopLayer,RES-1206_M,2046.117mil,3519.803mil,270,2046.117mil,3519.803mil,2046.117mil,3569.015mil
SP4.R11,TopLayer,RES-1206_M,2340.507mil,2905.983mil,90,2340.507mil,2905.983mil,2340.507mil,2856.770mil
SP4.R12,TopLayer,RES-1206_M,2340.507mil,3171.128mil,90,2340.507mil,3171.128mil,2340.507mil,3121.916mil
SP4.R17,TopLayer,RES-1206_M,2046.188mil,3171.128mil,270,2046.188mil,3171.128mil,2046.188mil,3220.341mil
SP4.R18,TopLayer,RES-1206_M,2046.188mil,2905.983mil,270,2046.188mil,2905.983mil,2046.188mil,2955.195mil
Rpi_GPIO1,TopLayer,RPI_Z_GPIO_HDR2X20,2244.094mil,5782.087mil,270,3194.095mil,4892.520mil,3194.095mil,4892.520mil
ISA1.Q2,TopLayer,SOIC-8_SOIC127P600X175-8N,4572.207mil,3281.391mil,270,4572.207mil,3281.391mil,4647.207mil,3387.690mil
ISA2.Q2,TopLayer,SOIC-8_SOIC127P600X175-8N,5228.008mil,3281.391mil,270,5228.008mil,3281.391mil,5303.008mil,3387.690mil
ISA3.Q2,TopLayer,SOIC-8_SOIC127P600X175-8N,5872.402mil,3281.391mil,270,5872.402mil,3281.391mil,5947.402mil,3387.690mil
ISA4.Q2,TopLayer,SOIC-8_SOIC127P600X175-8N,6523.189mil,3281.391mil,270,6523.189mil,3281.391mil,6598.189mil,3387.690mil
Q5,TopLayer,SOIC-8_SOIC127P600X175-8N,6034.113mil,6014.409mil,90,6034.113mil,6014.409mil,5959.113mil,5908.110mil
Q7,TopLayer,SOIC-8_SOIC127P600X175-8N,5837.390mil,5209.055mil,270,5837.390mil,5209.055mil,5912.390mil,5315.355mil
SA1.Q12,TopLayer,SOIC-8_SOIC127P600X175-8N,887.340mil,1547.191mil,270,887.340mil,1547.191mil,962.340mil,1653.490mil
SA1.Q13,TopLayer,SOIC-8_SOIC127P600X175-8N,1147.307mil,1547.191mil,270,1147.307mil,1547.191mil,1222.307mil,1653.490mil
SA2.Q12,TopLayer,SOIC-8_SOIC127P600X175-8N,1412.615mil,1547.177mil,270,1412.615mil,1547.177mil,1487.615mil,1653.477mil
SA2.Q13,TopLayer,SOIC-8_SOIC127P600X175-8N,1672.582mil,1547.177mil,270,1672.582mil,1547.177mil,1747.582mil,1653.477mil
SA3.Q12,TopLayer,SOIC-8_SOIC127P600X175-8N,1937.890mil,1547.177mil,270,1937.890mil,1547.177mil,2012.890mil,1653.477mil
SA3.Q13,TopLayer,SOIC-8_SOIC127P600X175-8N,2197.857mil,1547.177mil,270,2197.857mil,1547.177mil,2272.857mil,1653.477mil
SA4.Q12,TopLayer,SOIC-8_SOIC127P600X175-8N,2614.583mil,1547.177mil,270,2614.583mil,1547.177mil,2689.583mil,1653.477mil
SA4.Q13,TopLayer,SOIC-8_SOIC127P600X175-8N,2874.550mil,1547.177mil,270,2874.550mil,1547.177mil,2949.550mil,1653.477mil
SA5.Q12,TopLayer,SOIC-8_SOIC127P600X175-8N,3139.780mil,1547.177mil,270,3139.780mil,1547.177mil,3214.780mil,1653.477mil
SA5.Q13,TopLayer,SOIC-8_SOIC127P600X175-8N,3399.747mil,1547.177mil,270,3399.747mil,1547.177mil,3474.747mil,1653.477mil
SA6.Q12,TopLayer,SOIC-8_SOIC127P600X175-8N,3665.056mil,1547.177mil,270,3665.056mil,1547.177mil,3740.056mil,1653.477mil
SA6.Q13,TopLayer,SOIC-8_SOIC127P600X175-8N,3925.023mil,1547.177mil,270,3925.023mil,1547.177mil,4000.023mil,1653.477mil
SA7.Q12,TopLayer,SOIC-8_SOIC127P600X175-8N,4196.136mil,1543.038mil,270,4196.136mil,1543.038mil,4271.136mil,1649.337mil
SA7.Q13,TopLayer,SOIC-8_SOIC127P600X175-8N,4456.102mil,1543.038mil,270,4456.102mil,1543.038mil,4531.102mil,1649.337mil
SA8.Q12,TopLayer,SOIC-8_SOIC127P600X175-8N,4887.715mil,1372.722mil,270,4887.715mil,1372.722mil,4962.715mil,1479.021mil
SA8.Q13,TopLayer,SOIC-8_SOIC127P600X175-8N,5147.682mil,1372.722mil,270,5147.682mil,1372.722mil,5222.682mil,1479.021mil
SA9.Q12,TopLayer,SOIC-8_SOIC127P600X175-8N,5419.054mil,1372.722mil,270,5419.054mil,1372.722mil,5494.054mil,1479.021mil
SA9.Q13,TopLayer,SOIC-8_SOIC127P600X175-8N,5679.021mil,1372.722mil,270,5679.021mil,1372.722mil,5754.021mil,1479.021mil
SA10.Q12,TopLayer,SOIC-8_SOIC127P600X175-8N,5950.471mil,1372.722mil,270,5950.471mil,1372.722mil,6025.471mil,1479.021mil
SA10.Q13,TopLayer,SOIC-8_SOIC127P600X175-8N,6210.438mil,1372.722mil,270,6210.438mil,1372.722mil,6285.438mil,1479.021mil
SA11.Q12,TopLayer,SOIC-8_SOIC127P600X175-8N,6481.967mil,1372.669mil,270,6481.967mil,1372.669mil,6556.967mil,1478.968mil
SA11.Q13,TopLayer,SOIC-8_SOIC127P600X175-8N,6741.934mil,1372.669mil,270,6741.934mil,1372.669mil,6816.934mil,1478.968mil
SA12.Q12,TopLayer,SOIC-8_SOIC127P600X175-8N,7179.870mil,1177.839mil,270,7179.870mil,1177.839mil,7254.870mil,1284.138mil
SA12.Q13,TopLayer,SOIC-8_SOIC127P600X175-8N,7439.837mil,1177.839mil,270,7439.837mil,1177.839mil,7514.837mil,1284.138mil
SA13.Q12,TopLayer,SOIC-8_SOIC127P600X175-8N,7711.293mil,1177.839mil,270,7711.293mil,1177.839mil,7786.293mil,1284.138mil
SA13.Q13,TopLayer,SOIC-8_SOIC127P600X175-8N,7971.260mil,1177.839mil,270,7971.260mil,1177.839mil,8046.260mil,1284.138mil
SA14.Q12,TopLayer,SOIC-8_SOIC127P600X175-8N,8242.724mil,1177.768mil,270,8242.724mil,1177.768mil,8317.724mil,1284.067mil
SA14.Q13,TopLayer,SOIC-8_SOIC127P600X175-8N,8502.691mil,1177.768mil,270,8502.691mil,1177.768mil,8577.691mil,1284.067mil
SAO1.Q3,TopLayer,SOIC-8_SOIC127P600X175-8N,8346.457mil,2810.551mil,360,8346.457mil,2810.551mil,8240.157mil,2885.551mil
SAO2.Q3,TopLayer,SOIC-8_SOIC127P600X175-8N,8347.402mil,2377.205mil,360,8347.402mil,2377.205mil,8241.102mil,2452.205mil
SP1.Q12,TopLayer,SOIC-8_SOIC127P600X175-8N,807.269mil,3761.071mil,180,807.269mil,3761.071mil,913.568mil,3686.071mil
SP1.Q13,TopLayer,SOIC-8_SOIC127P600X175-8N,807.269mil,3495.925mil,180,807.269mil,3495.925mil,913.568mil,3420.925mil
SP2.Q12,TopLayer,SOIC-8_SOIC127P600X175-8N,807.287mil,3147.310mil,180,807.287mil,3147.310mil,913.586mil,3072.310mil
SP2.Q13,TopLayer,SOIC-8_SOIC127P600X175-8N,807.287mil,2882.165mil,180,807.287mil,2882.165mil,913.586mil,2807.165mil
SP3.Q12,TopLayer,SOIC-8_SOIC127P600X175-8N,1802.362mil,3760.735mil,180,1802.362mil,3760.735mil,1908.662mil,3685.735mil
SP3.Q13,TopLayer,SOIC-8_SOIC127P600X175-8N,1802.362mil,3495.590mil,180,1802.362mil,3495.590mil,1908.662mil,3420.590mil
SP4.Q12,TopLayer,SOIC-8_SOIC127P600X175-8N,1802.434mil,3146.916mil,180,1802.434mil,3146.916mil,1908.733mil,3071.916mil
SP4.Q13,TopLayer,SOIC-8_SOIC127P600X175-8N,1802.434mil,2881.770mil,180,1802.434mil,2881.770mil,1908.733mil,2806.770mil
ISA1.Q6,TopLayer,SOT23_N,4205.081mil,3125.984mil,360,4205.081mil,3125.984mil,4159.805mil,3163.386mil
ISA1.Q8,TopLayer,SOT23_N,4349.805mil,3387.690mil,90,4349.805mil,3387.690mil,4312.403mil,3342.414mil
ISA2.Q6,TopLayer,SOT23_N,4860.882mil,3125.984mil,360,4860.882mil,3125.984mil,4815.606mil,3163.386mil
ISA2.Q8,TopLayer,SOT23_N,5005.605mil,3387.690mil,90,5005.605mil,3387.690mil,4968.204mil,3342.414mil
ISA3.Q6,TopLayer,SOT23_N,5505.276mil,3125.984mil,360,5505.276mil,3125.984mil,5460.000mil,3163.386mil
ISA3.Q8,TopLayer,SOT23_N,5649.999mil,3387.690mil,90,5649.999mil,3387.690mil,5612.598mil,3342.414mil
ISA4.Q6,TopLayer,SOT23_N,6156.063mil,3125.984mil,360,6156.063mil,3125.984mil,6110.787mil,3163.386mil
ISA4.Q8,TopLayer,SOT23_N,6300.787mil,3387.690mil,90,6300.787mil,3387.690mil,6263.385mil,3342.414mil
Q4,TopLayer,SOT23_N,6061.672mil,5442.324mil,90,6061.672mil,5442.324mil,6024.270mil,5397.048mil
SA1.Q10,TopLayer,SOT23_N,1121.520mil,1923.937mil,270,1121.520mil,1923.937mil,1158.921mil,1969.213mil
SA1.Q11,TopLayer,SOT23_N,861.553mil,1923.937mil,270,861.553mil,1923.937mil,898.955mil,1969.213mil
SA2.Q10,TopLayer,SOT23_N,1646.794mil,1923.924mil,270,1646.794mil,1923.924mil,1684.196mil,1969.199mil
SA2.Q11,TopLayer,SOT23_N,1386.827mil,1923.924mil,270,1386.827mil,1923.924mil,1424.229mil,1969.199mil
SA3.Q10,TopLayer,SOT23_N,2172.070mil,1923.924mil,270,2172.070mil,1923.924mil,2209.471mil,1969.199mil
SA3.Q11,TopLayer,SOT23_N,1912.103mil,1923.924mil,270,1912.103mil,1923.924mil,1949.505mil,1969.199mil
SA4.Q10,TopLayer,SOT23_N,2848.763mil,1923.924mil,270,2848.763mil,1923.924mil,2886.164mil,1969.199mil
SA4.Q11,TopLayer,SOT23_N,2588.796mil,1923.924mil,270,2588.796mil,1923.924mil,2626.198mil,1969.199mil
SA5.Q10,TopLayer,SOT23_N,3373.960mil,1923.924mil,270,3373.960mil,1923.924mil,3411.361mil,1969.199mil
SA5.Q11,TopLayer,SOT23_N,3113.993mil,1923.924mil,270,3113.993mil,1923.924mil,3151.394mil,1969.199mil
SA6.Q10,TopLayer,SOT23_N,3899.235mil,1923.924mil,270,3899.235mil,1923.924mil,3936.637mil,1969.199mil
SA6.Q11,TopLayer,SOT23_N,3639.268mil,1923.924mil,270,3639.268mil,1923.924mil,3676.670mil,1969.199mil
SA7.Q10,TopLayer,SOT23_N,4430.315mil,1919.784mil,270,4430.315mil,1919.784mil,4467.717mil,1965.060mil
SA7.Q11,TopLayer,SOT23_N,4170.348mil,1919.784mil,270,4170.348mil,1919.784mil,4207.750mil,1965.060mil
SA8.Q10,TopLayer,SOT23_N,5093.102mil,1749.468mil,270,5093.102mil,1749.468mil,5130.503mil,1794.744mil
SA8.Q11,TopLayer,SOT23_N,4835.228mil,1749.468mil,270,4835.228mil,1749.468mil,4872.629mil,1794.744mil
SA9.Q10,TopLayer,SOT23_N,5624.440mil,1749.468mil,270,5624.440mil,1749.468mil,5661.842mil,1794.744mil
SA9.Q11,TopLayer,SOT23_N,5366.566mil,1749.468mil,270,5366.566mil,1749.468mil,5403.968mil,1794.744mil
SA10.Q10,TopLayer,SOT23_N,6155.858mil,1749.468mil,270,6155.858mil,1749.468mil,6193.259mil,1794.744mil
SA10.Q11,TopLayer,SOT23_N,5897.984mil,1749.468mil,270,5897.984mil,1749.468mil,5935.385mil,1794.744mil
SA11.Q10,TopLayer,SOT23_N,6687.354mil,1749.415mil,270,6687.354mil,1749.415mil,6724.755mil,1794.691mil
SA11.Q11,TopLayer,SOT23_N,6429.480mil,1749.415mil,270,6429.480mil,1749.415mil,6466.881mil,1794.691mil
SA12.Q10,TopLayer,SOT23_N,7385.256mil,1554.585mil,270,7385.256mil,1554.585mil,7422.658mil,1599.861mil
SA12.Q11,TopLayer,SOT23_N,7127.382mil,1554.585mil,270,7127.382mil,1554.585mil,7164.784mil,1599.861mil
SA13.Q10,TopLayer,SOT23_N,7916.680mil,1554.585mil,270,7916.680mil,1554.585mil,7954.081mil,1599.861mil
SA13.Q11,TopLayer,SOT23_N,7658.806mil,1554.585mil,270,7658.806mil,1554.585mil,7696.207mil,1599.861mil
SA14.Q10,TopLayer,SOT23_N,8448.110mil,1554.514mil,270,8448.110mil,1554.514mil,8485.512mil,1599.790mil
SA14.Q11,TopLayer,SOT23_N,8190.236mil,1554.514mil,270,8190.236mil,1554.514mil,8227.638mil,1599.790mil
SAO1.Q1,TopLayer,SOT23_N,8034.810mil,2814.265mil,360,8034.810mil,2814.265mil,7989.534mil,2851.666mil
SAO2.Q1,TopLayer,SOT23_N,8035.204mil,2380.918mil,360,8035.204mil,2380.918mil,7989.928mil,2418.320mil
SP1.Q10,TopLayer,SOT23_N,1199.129mil,3520.138mil,180,1199.129mil,3520.138mil,1244.405mil,3482.736mil
SP1.Q11,TopLayer,SOT23_N,1199.129mil,3794.142mil,180,1199.129mil,3794.142mil,1244.405mil,3756.740mil
SP2.Q10,TopLayer,SOT23_N,1199.147mil,2906.378mil,180,1199.147mil,2906.378mil,1244.422mil,2868.976mil
SP2.Q11,TopLayer,SOT23_N,1199.147mil,3180.381mil,180,1199.147mil,3180.381mil,1244.422mil,3142.980mil
SP3.Q10,TopLayer,SOT23_N,2194.223mil,3519.803mil,180,2194.223mil,3519.803mil,2239.498mil,3482.401mil
SP3.Q11,TopLayer,SOT23_N,2194.223mil,3793.807mil,180,2194.223mil,3793.807mil,2239.498mil,3756.405mil
SP4.Q10,TopLayer,SOT23_N,2194.294mil,2905.983mil,180,2194.294mil,2905.983mil,2239.570mil,2868.581mil
SP4.Q11,TopLayer,SOT23_N,2194.294mil,3179.986mil,180,2194.294mil,3179.987mil,2239.570mil,3142.585mil
VR1,TopLayer,SOT-25,8864.961mil,3599.999mil,360,8864.961mil,3600.000mil,8810.827mil,3637.401mil
U2,TopLayer,TCA9548,3188.975mil,3292.521mil,270,3188.976mil,3292.521mil,3738.975mil,3592.521mil
TRACO_1,TopLayer,TRACO_12VTO5.1_151121,4781.648mil,6080.709mil,360,4781.648mil,6080.710mil,4381.648mil,6180.709mil
